card_id,disp_id,type,date,end_date,card_number
1377,3378,gold,2017-10-23,,4720467003972827
1384,9409,gold,2016-06-19,,347609573327061
1381,2815,gold,2017-12-23,,4516852437379898459
1346,1930,gold,2017-11-15,,36265539965555
282,1799,gold,2016-12-13,,30538440541855
1398,3134,gold,2017-11-09,,3581455080849562
184,1089,gold,2016-06-03,,579494753992
1389,2715,gold,2017-09-12,,4373740832663040499
1403,4559,gold,2016-07-11,,4853922430749496834
1352,1668,gold,2017-09-18,,2282550664451415
182,1067,gold,2016-08-31,,4508594970537339
1400,928,gold,2017-12-01,,341463772554968
1378,2122,gold,2017-07-04,,4164634448547197793
1386,12787,gold,2017-12-09,,630412964128
1401,3253,gold,2017-09-07,,6011115444540355
1388,3136,gold,2017-12-16,,5284385482046563
1405,1179,gold,2017-11-24,,6011756862126258
1391,2911,gold,2017-10-16,,4030287524768503
1359,9,gold,2017-12-28,,6505873695432333
1393,3236,gold,2017-12-26,,563930541542
1396,11771,gold,2017-12-16,,6011149267039013
1394,11023,gold,2016-10-30,,4622553697455226
1355,41,gold,2015-12-02,,30566411108271
1382,7286,gold,2017-05-14,,4116339314155
1342,1629,gold,2015-10-10,,583607331506
1380,2388,gold,2017-12-16,,501891257104
599,3824,gold,2017-03-08,,3547343804691424
1395,3581,gold,2017-12-15,,3500177589041982
1341,2445,gold,2017-11-18,,180033594331392
1379,12535,gold,2017-12-23,,569836663603
1399,1876,gold,2016-03-12,,180084079070005
268,1707,gold,2016-12-11,,4414082294422985
238,1452,gold,2016-08-17,,3509470041031514
1407,3128,gold,2017-12-28,,36985138302674
153,886,gold,2016-10-19,,342639205429295
1376,9333,gold,2017-10-02,,5461112048739910
1392,4522,gold,2017-08-20,,3502707143444328
1404,12635,gold,2016-10-30,,2672422901365212
1406,1453,gold,2017-09-22,,4924283467942683
459,2958,gold,2017-02-11,,3505401806741686
1383,1777,gold,2017-10-17,,3506676899816508
1402,4701,gold,2017-06-12,,4914967469609702
1385,1289,gold,2017-01-27,,370119904599123
1397,3944,gold,2017-12-18,,180044544012669
1390,2688,gold,2015-07-10,,180092996656368
1387,2058,gold,2017-08-30,,3528790484278893
813,5873,junior,2015-10-28,,630454385737
597,3813,junior,2016-06-06,,6593058445320458
651,4201,junior,2015-08-02,,349420603427832
721,4680,junior,2013-04-05,,379132663210486
589,3766,junior,2016-12-20,,4822965293819670
247,1500,junior,2016-10-08,,349511147397638
647,4171,junior,2016-03-21,,4627295930195830
216,1310,junior,2015-04-24,,3507462993723521
709,4587,junior,2016-04-11,,676384614183
1223,13231,junior,2014-05-02,,675987357760
5,51,junior,2014-04-24,,6011479390341055
289,1831,junior,2015-04-08,,213195619031348
729,4740,junior,2016-01-22,,4303735556535015868
12,83,junior,2015-09-11,,2482428528582758
592,3782,junior,2014-08-07,,4687803521624
24,153,junior,2015-08-05,,2263643858104305
272,1754,junior,2015-10-28,,38755311156876
594,3794,junior,2015-12-27,,4050945200807
673,4353,junior,2015-08-31,,4901229666401734775
511,3257,junior,2016-08-06,,180026904914923
844,6567,junior,2017-03-04,,30578948897102
733,4764,junior,2016-06-30,,3571798704997966
477,3082,junior,2014-01-16,,376573870815752
422,2650,junior,2014-07-11,,30411095485127
155,900,junior,2016-05-17,,4262735510648
541,3427,junior,2015-11-26,,6011540112355325
165,996,junior,2017-02-04,,3525638401311789
1100,11101,junior,2015-04-10,,4656957684489511
1239,13442,junior,2017-02-02,,5423587896192980
413,2592,junior,2016-07-20,,502033878617
204,1239,junior,2015-05-30,,370713142523943
710,4588,junior,2015-12-10,,4263525063821274077
33,221,junior,2016-12-03,,30351699954120
270,1736,junior,2016-06-17,,30233383608461
403,2538,junior,2016-07-12,,6564740488196805
117,649,junior,2015-11-23,,6011061062914664
287,1819,junior,2016-06-28,,2591463013470266
363,2324,junior,2015-12-11,,3563065227605645
174,1039,junior,2013-12-04,,3542826278178162
621,3970,junior,2015-03-19,,4253531036680
660,4265,junior,2016-08-19,,4464355274505188
939,8217,junior,2016-05-29,,3506419526091181
267,1691,junior,2015-03-09,,30077020993525
666,4328,junior,2014-12-25,,6011931394314827
783,5433,junior,2014-10-24,,4596521267954887053
759,5117,junior,2014-04-18,,6509747404575226
1115,11375,junior,2016-10-03,,180017874121029
946,8359,junior,2017-02-28,,348785976489267
236,1440,junior,2017-01-29,,213129343387379
112,626,junior,2016-01-19,,4134009752104895
1038,9787,junior,2014-03-30,,180005356973298
97,531,junior,2014-09-19,,213194309774275
593,3787,junior,2017-01-06,,4265623267210889
578,3689,junior,2016-02-21,,180079208316360
1040,9890,junior,2014-05-28,,2707369460175848
1043,9974,junior,2015-08-14,,2224628285800821
481,3102,junior,2017-01-06,,2709450549277512
624,3985,junior,2017-02-13,,370828132377751
262,1647,junior,2014-08-24,,373105634878041
763,5138,junior,2013-12-30,,4936603336653
103,584,junior,2015-08-17,,3511250600340415
637,4094,junior,2016-08-06,,4986191556983438306
113,629,junior,2014-11-16,,4778179091647
945,8342,junior,2015-05-09,,3550236707384358
91,504,junior,2016-09-01,,2706183637199156
474,3066,junior,2017-01-24,,4849643353628930
314,1999,junior,2014-01-27,,2225012451317341
121,666,junior,2015-07-22,,6536144801319613
384,2475,junior,2013-09-15,,3545635567952139
720,4674,junior,2017-02-09,,3564882870856807
375,2425,junior,2016-05-17,,36213289487347
1139,11836,junior,2015-03-26,,2709919373456061
725,4715,junior,2015-03-30,,6011162026897829
122,667,junior,2016-07-03,,6598834338495101
137,786,junior,2016-01-10,,3505463253579191
587,3763,junior,2015-08-05,,213162421098733
574,3640,junior,2017-02-23,,4560958992388757931
504,3230,junior,2014-11-06,,180010190558255
162,967,junior,2015-12-23,,4126156548186096367
708,4568,junior,2015-09-24,,36890081742357
28,174,junior,2017-01-22,,36743022793734
393,2498,junior,2014-12-03,,30295545221160
197,1202,junior,2015-10-21,,3541074067286398
622,3981,junior,2016-09-22,,2244953278801644
67,429,junior,2017-01-28,,376332007272944
44,268,junior,2015-05-17,,4335753998694527
779,5323,junior,2014-05-21,,4802881853282
572,3636,junior,2016-05-16,,4266185079277
132,731,junior,2017-02-26,,4670554559846685
482,3104,junior,2017-01-13,,4711431313739178
279,1791,classic,2016-09-21,,4883083042098
724,4701,classic,2017-01-27,,5224966038869005
493,3167,classic,2016-11-30,,3572092763916649
133,742,classic,2016-06-16,,38049135815028
1317,8359,classic,2017-08-14,,4255331681607
671,4345,classic,2016-09-17,,3551965414743295
714,4638,classic,2016-01-09,,570845834904
320,2045,classic,2015-07-11,,213166926892565
545,3458,classic,2014-05-30,,213175355012868
642,4137,classic,2015-12-13,,4409296552640545
1220,13160,classic,2016-08-08,,3581347745409165
296,1876,classic,2014-11-13,,2483235609161231
303,1912,classic,2015-08-01,,675955873970
189,1157,classic,2016-02-19,,3503613647789185
1199,12826,classic,2017-03-09,,2245417198632777
69,438,classic,2016-05-17,,3524743580574081
1138,11825,classic,2016-06-29,,213108905478727
731,4751,classic,2015-06-23,,340336987197990
897,7576,classic,2017-01-18,,3527599289781089
600,3829,classic,2015-05-20,,30459706394816
774,5249,classic,2016-12-25,,3545061209061074
13,87,classic,2013-06-29,,213140633604894
612,3906,classic,2016-09-22,,4627454542015452
464,2984,classic,2014-02-21,,30402236050839
699,4532,classic,2014-09-26,,4955330231543123
1187,12635,classic,2015-07-17,,3539415991963483
149,858,classic,2017-01-07,,4907819106582231
157,907,classic,2015-04-24,,4039288141184273
1234,13386,classic,2016-11-28,,4824133539190590
989,9119,classic,2015-02-21,,4678400943628599
14,112,classic,2015-02-17,,344281386767728
304,1913,classic,2017-01-06,,4306570741754049282
503,3225,classic,2014-03-08,,2281189340018842
1323,3794,classic,2016-07-27,,343898127868266
50,309,classic,2016-05-28,,6548960619192611
652,4211,classic,2014-06-16,,676319835044
688,4472,classic,2016-08-01,,6510261307648038
1318,4201,classic,2017-04-30,,4487637629269781
237,1445,classic,2016-11-25,,3529085354276898
650,4194,classic,2016-10-26,,180049478234171
302,1900,classic,2015-03-31,,6576699771315389
93,510,classic,2016-11-09,,3532025226721155
737,4791,classic,2014-04-13,,3564221950570345
1022,9606,classic,2016-12-13,,3504176380908098
48,295,classic,2017-03-10,,5512878489546613
512,3259,classic,2016-07-24,,378380764620985
342,2157,classic,2014-09-27,,378560352072620
662,4293,classic,2014-05-09,,676104800054
83,483,classic,2017-01-05,,213134444457477
58,358,classic,2017-03-11,,345705880659774
1310,1310,classic,2016-05-03,,4274741365656672209
1118,11393,classic,2016-01-02,,180055728657939
49,305,classic,2016-10-03,,213197198412246
1173,12442,classic,2016-05-08,,676120911307
441,2785,classic,2015-11-05,,5326113806185283
670,4343,classic,2015-08-08,,180077973915424
1039,9837,classic,2014-01-07,,30120361084114
9,76,classic,2016-10-25,,3510134089216612
343,2164,classic,2016-09-21,,3584517520141921
689,4473,classic,2017-01-15,,588022100709
110,608,classic,2016-05-31,,3518312274860426
694,4504,classic,2016-07-24,,2298117960137544
718,4660,classic,2016-08-12,,501815189748
483,3115,classic,2013-11-24,,3521911171505268
94,513,classic,2016-11-06,,6571190327078650
463,2982,classic,2017-02-26,,344062213285450
502,3201,classic,2016-08-22,,2296666564356001
841,6468,classic,2016-03-06,,3512930879505454
15,114,classic,2014-03-05,,4129759646428903
655,4231,classic,2017-02-13,,3504047995663412
312,1971,classic,2015-06-08,,3566167808136193
583,3735,classic,2016-04-24,,4312351064374783971
428,2698,classic,2016-10-13,,2654351721538819
256,1583,classic,2016-05-26,,3523086505869421
628,4007,classic,2016-08-11,,4102829111665
528,3356,classic,2015-10-31,,4594284266452099106
337,2141,classic,2015-01-01,,586086859574
22,138,classic,2016-01-11,,3586917804689173
81,473,classic,2016-12-17,,3529706446090100
140,798,classic,2016-08-22,,3562134681908548
547,3477,classic,2015-10-11,,213179729169156
206,1243,classic,2016-09-22,,3530758195972563
401,2532,classic,2017-01-19,,501853135462
609,3893,classic,2015-12-29,,3578822554228869
150,859,classic,2015-03-30,,3560322714319427
398,2522,classic,2017-02-14,,5350648640277670
1247,13660,classic,2014-06-13,,4384493023558435
119,655,classic,2015-08-08,,4943890244410912
633,4078,classic,2016-10-12,,4121308288867355919
557,3567,classic,2017-01-17,,340351608794828
697,4518,classic,2015-12-11,,502078229783
168,1018,classic,2014-01-24,,6011567110363274
801,5684,classic,2016-06-15,,4424384479698639
185,1098,classic,2016-09-07,,4197407938329879
21,132,classic,2017-02-26,,6011012470987743
590,3769,classic,2016-12-02,,6011434307773254
275,1762,classic,2016-05-20,,3597641703217293
521,3310,classic,2016-12-17,,213144660538587
659,4258,classic,2017-01-08,,675996237649
234,1424,classic,2016-09-29,,6553725852097385
495,3181,classic,2016-09-02,,4395690332211716
608,3890,classic,2016-12-17,,4587758746819495
418,2623,classic,2014-04-14,,4269003674214922920
87,493,classic,2015-11-02,,3500211528404058
152,876,classic,2015-09-16,,2720006582712776
947,8366,classic,2016-11-08,,4572640213347050
648,4188,classic,2016-11-18,,676356398559
68,434,classic,2017-01-31,,347319019647912
190,1165,classic,2016-09-23,,5327394639080482
695,4507,classic,2014-12-15,,3578897208362488
1093,11011,classic,2016-01-20,,4490069894516230
1196,12805,classic,2016-06-27,,4662195519880164
281,1795,classic,2016-12-22,,345196254899388
1111,11288,classic,2015-12-31,,377984606380483
166,999,classic,2014-03-05,,346469393024633
183,1080,classic,2015-05-08,,30555317490115
771,5233,classic,2015-01-08,,3578497549151367
278,1779,classic,2015-08-15,,5412455367069454
380,2434,classic,2016-12-15,,213113272833272
588,3765,classic,2016-07-08,,6521486892137058
92,508,classic,2014-11-20,,340286926625728
507,3245,classic,2016-12-11,,676271369081
364,2329,classic,2015-02-28,,30062163653417
739,4821,classic,2016-12-03,,2379001919862117
254,1578,classic,2016-11-11,,30413132358804
722,4684,classic,2015-11-14,,30127299218144
936,8030,classic,2016-08-02,,2264116374755370
663,4295,classic,2016-08-06,,3525287629986871
497,3184,classic,2014-03-03,,6011003605968948
373,2401,classic,2016-11-18,,3531155477478204
434,2739,classic,2016-12-30,,6011439598515322
51,321,classic,2016-11-21,,6504327511982204
762,5132,classic,2016-11-10,,4368927719224901
606,3883,classic,2015-01-22,,4812350963369201
86,490,classic,2016-11-28,,6520402366767776
537,3405,classic,2016-09-15,,341865142205248
88,496,classic,2015-11-04,,370067416241280
1064,10328,classic,2015-02-17,,30234965937187
70,439,classic,2013-02-08,,213173454090570
772,5243,classic,2015-10-30,,4465459139738069650
118,652,classic,2014-10-22,,5380965134941387
658,4251,classic,2013-12-25,,3520735278742289
387,2481,classic,2016-04-18,,6559838320715910
297,1883,classic,2016-06-15,,2591969891301415
767,5204,classic,2016-09-14,,30171677484506
667,4333,classic,2016-01-31,,30314618890445
226,1378,classic,2016-04-18,,180078554083269
438,2768,classic,2016-10-30,,30196695316620
896,7567,classic,2016-09-18,,376646825422278
266,1690,classic,2016-03-04,,4300955778603633
467,3019,classic,2014-06-05,,6554716701021923
591,3779,classic,2016-07-23,,5464197627725445
45,272,classic,2016-12-05,,4034935953925525
115,638,classic,2016-07-30,,3538005273613368
1087,10887,classic,2015-10-06,,3582430224387851
300,1890,classic,2015-11-20,,4626044307450757039
514,3267,classic,2015-09-10,,639024042751
252,1529,classic,2016-09-02,,2288091834871384
1014,9452,classic,2015-11-02,,4986954455489148609
349,2214,classic,2016-05-26,,4133272936998487194
248,1512,classic,2017-03-01,,3527377882693211
390,2490,classic,2015-10-14,,3518920873091241
454,2921,classic,2016-08-01,,4780113514429
501,3197,classic,2014-07-09,,6545009600011985
713,4627,classic,2014-09-30,,3520436812161850
436,2759,classic,2016-10-09,,6587635410729306
610,3894,classic,2016-08-29,,4206271801010
426,2686,classic,2016-05-09,,4296527525928294
854,6753,classic,2015-10-07,,3541953600425680
350,2226,classic,2016-04-20,,676287141268
977,8968,classic,2015-05-08,,4336583963073657
1330,4764,classic,2017-04-24,,213190740804721
171,1027,classic,2016-03-05,,3560313326251066
188,1146,classic,2013-06-19,,3514091526871019
85,489,classic,2014-12-31,,4743878891757074713
564,3590,classic,2016-05-06,,4535969873455
399,2527,classic,2016-05-22,,213176118069831
194,1182,classic,2016-01-13,,4602050604039984130
356,2268,classic,2016-09-13,,3580899867985985
265,1680,classic,2015-06-28,,5257565971986253
472,3056,classic,2016-11-24,,3520238857889639
258,1607,classic,2016-01-26,,30574059373231
517,3291,classic,2017-01-09,,4918866148154682
1408,1629,classic,2014-06-28,,4145829561938440
803,5727,classic,2017-01-19,,4745033884442
668,4340,classic,2016-01-14,,30568950510206
443,2808,classic,2016-06-29,,3591277484991461
484,3116,classic,2014-07-04,,4069675852020212
82,474,classic,2016-05-07,,4434082240604
90,503,classic,2016-06-04,,4882258173589
326,2104,classic,2016-12-14,,3597637748178722
355,2267,classic,2016-08-28,,4227603182226
202,1228,classic,2015-02-04,,4066944418832210
313,1980,classic,2015-06-17,,4659594562326312
882,7195,classic,2015-09-11,,2256914299166388
778,5275,classic,2014-01-02,,30469597311092
41,256,classic,2016-08-31,,379682685038174
98,537,classic,2014-09-06,,4831483606261928
316,2013,classic,2016-06-17,,4397799189119
408,2560,classic,2015-12-10,,3553684631117682
72,447,classic,2017-03-09,,4164266091004734198
368,2361,classic,2017-01-10,,639053536186
552,3519,classic,2016-10-25,,676367061634
468,3023,classic,2014-01-30,,4710224121130313
553,3522,classic,2016-07-14,,4188570062059818061
57,347,classic,2015-11-09,,30554927956987
1333,3102,classic,2019-01-02,,630478548609
665,4318,classic,2016-03-24,,4570565092686512
120,662,classic,2016-07-03,,4124670552594677877
374,2423,classic,2015-11-08,,3504351591103587
748,4923,classic,2016-06-16,,4636111925632582103
577,3687,classic,2013-02-15,,3593393062752338
84,487,classic,2015-06-26,,213199187765832
376,2428,classic,2013-11-10,,2298764168334256
569,3616,classic,2016-12-12,,4877748518500
664,4316,classic,2016-10-22,,4563402845302
43,267,classic,2016-08-29,,6504747212984094
568,3615,classic,2016-03-05,,4786349697540758
579,3699,classic,2016-11-18,,30008061053820
251,1525,classic,2016-10-23,,6574951849043085
187,1140,classic,2016-09-07,,4565759321720708
353,2259,classic,2016-06-11,,30257740711940
499,3187,classic,2015-04-03,,4127091961125
760,5126,classic,2017-01-19,,378484545679953
223,1353,classic,2014-04-18,,4960994995838400
181,1066,classic,2013-08-19,,4705541419818
340,2155,classic,2017-01-25,,571750709644
347,2184,classic,2016-02-11,,4984413443195174
280,1793,classic,2016-06-22,,344776014490866
532,3382,classic,2016-11-30,,377895125233872
25,158,classic,2016-12-06,,376820615120059
703,4546,classic,2016-09-17,,213137281391931
1059,10235,classic,2016-07-29,,213135506619524
534,3387,classic,2016-01-29,,6011587856893102
159,946,classic,2014-05-01,,4894937407069891
259,1610,classic,2016-09-05,,4886206049787710
359,2299,classic,2016-10-29,,4326801505756430231
723,4699,classic,2016-12-15,,4043668081405
211,1271,classic,2016-06-10,,4037494908868924
540,3425,classic,2016-11-29,,30568234041150
154,887,classic,2016-12-28,,180000093733782
539,3415,classic,2016-04-23,,3595604790340032
732,4763,classic,2013-07-21,,3517034090748517
37,238,classic,2015-04-20,,4703677459450
707,4560,classic,2016-11-21,,2282015699118082
942,8295,classic,2016-12-02,,30461159234879
1230,13312,classic,2017-03-08,,4457222216201905
377,2429,classic,2013-03-03,,2283650278875279
210,1253,classic,2016-02-16,,4281664149873036408
706,4559,classic,2016-01-16,,3577835946573769
471,3037,classic,2016-06-09,,3567646666422208
276,1765,classic,2017-03-07,,30471097054289
106,592,classic,2015-01-14,,4467346803214779
249,1517,classic,2017-02-06,,4045349842335572
175,1040,classic,2016-01-03,,4392643274880173
1103,11189,classic,2014-11-04,,346452787027420
850,6644,classic,2016-01-16,,4927481421802624
18,128,classic,2014-08-25,,213121179798381
1313,4353,classic,2016-02-13,,3509183945468423
611,3896,classic,2016-11-13,,3549050602119783
407,2555,classic,2015-07-11,,4014618920299
679,4416,junior2,2016-03-06,,213168940686890
1251,2888,junior2,2018-04-16,,4297002085104727
214,1292,junior2,2017-01-24,,4968983522457943
232,1396,junior2,2016-05-01,,4689309552037724063
1005,9285,junior2,2012-11-07,,4329304997618329
566,3606,junior2,2016-12-25,,371104980904552
766,5200,junior2,2014-02-11,,3501226961548566
75,457,junior2,2016-07-29,,4749586820180665
243,1478,junior2,2015-12-13,,4867891186031
222,1345,junior2,2016-06-19,,6011296685716555
1293,4094,junior2,2018-05-08,,6519314052810369
617,3944,junior2,2016-04-09,,4126387764730574111
1271,1754,junior2,2016-05-05,,213169753714373
1295,2538,junior2,2018-03-20,,2250652129519949
145,819,junior2,2016-06-17,,347059655765905
38,242,junior2,2015-08-31,,4478222767538197
241,1461,junior2,2016-06-20,,4137653626073
1279,731,junior2,2018-06-19,,3578215570020628
1303,60,junior2,2017-03-12,,4178941947439223
1287,5117,junior2,2015-09-07,,30181923355202
1263,12781,junior2,2018-02-04,,375511451941051
1273,4941,junior2,2018-05-02,,4478651854342115
776,5263,junior2,2015-10-19,,2246673736470422
462,2978,junior2,2014-12-30,,180016123241265
427,2688,junior2,2015-01-25,,3551672367315150
298,1885,junior2,2016-01-17,,30430269110394
1274,4715,junior2,2017-01-24,,6572126389909357
582,3733,junior2,2016-01-22,,30366059371467
1300,221,junior2,2018-04-27,,6594235886956938
225,1359,junior2,2017-03-03,,4546088661509029981
274,1759,junior2,2017-01-21,,4663071554795
675,4376,junior2,2016-06-23,,3523036776535771
410,2569,junior2,2014-07-20,,378728917012866
529,3357,junior2,2017-02-27,,3527347229918787
423,2657,junior2,2015-02-19,,4850567002968908
1036,9735,junior2,2016-01-17,,4516621942694367106
220,1333,junior2,2015-10-13,,2278773843989347
681,4426,junior2,2016-01-22,,3560349220479452
1016,9525,junior2,2016-10-28,,4162751137107425
890,7422,junior2,2015-09-08,,4404349133736
1291,1239,junior2,2015-11-21,,370628099306813
847,6610,junior2,2016-05-20,,370804451587817
229,1384,junior2,2015-04-05,,30162636056147
1258,3787,junior2,2018-01-07,,6011793668599149
1233,13382,junior2,2015-07-06,,3516523284244953
1289,167,junior2,2018-08-30,,371894058919587
1095,11023,junior2,2016-07-28,,38389966665948
1164,12269,junior2,2015-08-12,,6011706177154073
1055,10171,junior2,2015-07-24,,4274634179742603
1105,11237,junior2,2016-12-13,,4835692647450408402
163,984,junior2,2015-09-18,,060481239402
1264,3183,junior2,2018-08-21,,30146088892877
690,4479,junior2,2015-11-07,,4734223449340705
698,4522,junior2,2016-10-07,,4646614202460978
764,5159,junior2,2015-05-29,,4501897588525472
136,778,junior2,2014-07-28,,30246326605352
397,2513,junior2,2014-06-24,,4351737897917401
1010,9413,junior2,2015-10-27,,213144568162761
1025,9625,junior2,2016-09-08,,4524816233089
616,3943,junior2,2016-05-05,,180086202921558
1253,2948,junior2,2018-02-27,,5482581217174049
641,4116,junior2,2015-06-18,,6011521220172497
1284,9974,junior2,2015-08-15,,4189259004907009
391,2493,junior2,2017-02-24,,3547983616749314
127,714,junior2,2015-05-23,,4054095149617307
419,2626,junior2,2017-02-28,,2368004628794905
325,2102,junior2,2016-01-12,,4161099412617
1278,2065,junior2,2018-09-08,,4268104101034
1283,378,junior2,2018-02-17,,4980525090988504
369,2363,junior2,2013-11-08,,213134224193557
601,3830,junior2,2015-10-08,,4974594081655853566
730,4749,junior2,2016-05-02,,6539360423952022
705,4555,junior2,2014-07-12,,4047471202180581679
747,4915,junior2,2013-02-05,,563618939893
781,5366,junior2,2016-07-07,,4877555827181114531
124,688,junior2,2016-10-10,,3511086597366959
1257,900,junior2,2017-11-21,,3560583308421552
1259,4680,junior2,2014-11-29,,4065129064662
372,2395,junior2,2015-03-31,,4108138312213946
10,77,junior2,2015-12-07,,578086042541
786,5478,junior2,2015-12-31,,4188159212984918
1301,4265,junior2,2018-03-07,,4960725794551384
491,3151,junior2,2016-08-21,,373848381528208
309,1946,junior2,2013-09-19,,3529080314164250
1294,11375,junior2,2016-08-20,,4298601509202717
54,334,junior2,2016-01-24,,3534665041927640
104,588,junior2,2013-01-19,,372280995829221
1249,5433,junior2,2017-07-17,,4716997605024215442
494,3173,junior2,2016-06-10,,3584670741651788
381,2440,junior2,2015-10-27,,4654790394884560
59,365,junior2,2016-10-27,,4277680221196022
1265,2324,junior2,2016-10-15,,4755677695806
400,2529,junior2,2016-04-06,,4089715855576525
360,2308,junior2,2017-02-24,,30463865506053
478,3084,junior2,2013-10-09,,213197919212883
470,3036,classic2,2015-09-02,2015-12-22,2299078989459443
283,1800,classic2,2017-02-25,2017-05-23,4494719438790479
490,3136,classic2,2016-02-07,2016-05-03,30026848313218
516,3279,classic2,2015-10-25,,30304845485416
1178,12542,classic2,2016-06-19,,4141803607245155
1203,12893,classic2,2016-09-26,,180069934999126
227,1380,classic2,2015-08-10,,3581262416614441
30,202,classic2,2016-10-01,2016-11-01,4511626349291873989
195,1194,classic2,2016-02-03,,30417792333544
200,1220,classic2,2016-12-09,2017-02-21,6519292105647493
661,4270,classic2,2014-07-03,2014-09-06,30578711723741
513,3260,classic2,2016-03-15,2016-05-18,4133541969982229814
678,4405,classic2,2016-01-20,2016-04-24,3531449700285605
563,3589,classic2,2013-10-21,,6548411095154642
286,1812,classic2,2015-04-21,2015-07-10,2288586880305377
536,3404,classic2,2016-12-13,,6011637636843263
796,5579,classic2,2017-02-20,,4304523574298826565
638,4100,classic2,2016-10-14,2017-02-09,3533147667948649
576,3671,classic2,2016-04-30,2016-07-22,378114327563535
99,548,classic2,2015-10-09,2016-01-16,4012676468344887
215,1296,classic2,2017-03-02,,372575734762199
555,3544,classic2,2016-11-19,2017-03-08,3530215124405231
884,7286,classic2,2016-07-31,2016-10-24,180040849471915
294,1861,classic2,2015-12-04,2016-02-19,502063884022
107,593,classic2,2014-06-27,2014-08-24,6011881342741912
904,7672,classic2,2017-01-22,2017-05-08,4292975956839
643,4157,classic2,2017-03-04,,4728253259162376
329,2122,classic2,2016-11-19,2017-01-31,36267960314352
19,130,classic2,2016-09-09,,180020227374204
213,1289,classic2,2016-06-11,2016-08-30,30471239807198
575,3667,classic2,2016-12-25,2017-03-15,060466297532
596,3811,classic2,2016-10-19,2017-01-08,2226515145153327
40,255,classic2,2015-10-13,2016-02-07,4217921760811
1009,9409,classic2,2016-06-14,2016-10-09,4027540405496805166
656,4235,classic2,2016-10-08,,4044458799931746
598,3821,classic2,2016-08-23,,6514985489353803
607,3885,classic2,2016-05-17,,3548122358740046
1134,11742,classic2,2015-05-31,,375547645073914
562,3583,classic2,2015-11-07,,213101118618403
546,3465,classic2,2016-08-19,2016-10-25,30339964665547
324,2074,classic2,2016-02-19,,346734584367053
518,3292,classic2,2017-02-10,2017-04-30,3515348437739019
327,2117,classic2,2016-10-03,2017-01-20,4964862080867905
736,4789,classic2,2015-08-03,2015-10-02,6011247854400752
476,3079,classic2,2016-07-06,,4941937672268510
726,4721,classic2,2017-02-26,,5248981109746695
108,597,classic2,2016-06-25,2016-09-13,4628732789003508
437,2762,classic2,2013-06-01,2013-08-31,675982064809
891,7434,classic2,2016-12-23,,6504206861213891
625,3987,classic2,2016-07-17,,5173680959269621
814,5911,classic2,2015-02-15,2015-05-19,3520121209587426
11,79,classic2,2016-10-25,2017-01-27,30582550687652
1225,13268,classic2,2014-11-22,2015-02-26,2244014672659565
65,414,classic2,2017-02-02,2017-04-23,4400967660781442
199,1213,classic2,2016-02-07,2016-04-25,3518405960529261
430,2713,classic2,2016-05-26,2016-08-14,4626445149121348
293,1850,classic2,2016-02-17,,4339506988738563
741,4832,classic2,2015-09-11,2015-11-27,2405195070929471
874,7127,classic2,2016-10-07,2016-12-26,30242221924576
305,1914,classic2,2016-05-23,2016-08-12,4318478633866964
208,1246,classic2,2014-02-08,2014-05-17,343357353752231
559,3573,classic2,2014-06-17,,4204212527034
273,1758,classic2,2016-11-07,2017-01-22,6556605002811298
431,2715,classic2,2016-09-12,2016-12-26,379229315220952
433,2724,classic2,2015-12-12,,6570919604759553
130,722,classic2,2016-12-29,,3537448759902692
292,1842,classic2,2016-01-18,2016-04-12,2296809357680324
100,562,classic2,2017-02-21,2017-06-11,060431931173
1056,10220,classic2,2016-11-06,,6011201940984238
791,5521,classic2,2016-05-12,2016-08-19,4191704979787858
139,797,classic2,2016-07-14,,3568562951916771
167,1011,classic2,2014-09-15,2015-02-09,639024051133
565,3601,classic2,2016-01-06,2016-03-31,3572991457769448
1176,12502,classic2,2015-07-03,2015-09-12,30336991700057
105,590,classic2,2016-01-17,2016-05-04,2239900219627171
55,335,classic2,2017-01-25,,3549454423768853
383,2469,classic2,2016-07-30,,3564921434586474
311,1954,classic2,2016-07-01,2016-09-18,372359519434088
348,2203,classic2,2017-02-02,2017-05-05,676147537028
719,4663,classic2,2014-06-24,,30079569620212
3,41,classic2,2014-09-03,2014-10-21,4193777701682439
246,1492,classic2,2017-02-08,2017-06-03,6011455680487717
261,1629,classic2,2014-11-09,2015-01-09,060476625151
382,2445,classic2,2016-11-22,2017-01-14,3561658687624163
672,4349,classic2,2017-03-07,2017-06-13,3598099828680102
379,2431,classic2,2015-01-12,2015-04-06,3509837387735207
1366,548,gold,2015-12-04,,
1347,5128,gold,2017-06-11,,
1349,3667,gold,2017-02-24,,
1363,4405,gold,2017-08-05,,
1370,2320,gold,2017-07-10,,
1354,3601,gold,2017-08-21,,
1340,326,gold,2017-05-13,,
1365,4100,gold,2017-08-19,,
1374,3414,gold,2017-12-25,,
1337,5253,gold,2017-12-11,,
1367,79,gold,2017-04-16,,
1353,3448,gold,2017-10-31,,
1369,7683,gold,2017-07-23,,
475,3075,gold,2017-05-31,,
1373,4553,gold,2017-12-08,,
125,694,gold,2017-12-26,,
389,2489,gold,2017-09-19,,
1345,7127,gold,2017-02-07,,
341,2156,gold,2017-12-06,,
1338,1220,gold,2017-06-03,,
1343,562,gold,2017-12-23,,
1350,1536,gold,2017-11-27,,
1372,3292,gold,2017-05-09,,
1368,5978,gold,2017-12-16,,
354,2265,gold,2017-06-30,,
1356,2125,gold,2017-05-08,,
186,1133,gold,2017-05-12,,
1357,4862,gold,2017-11-07,,
1358,12502,gold,2017-01-11,,
1364,2820,gold,2017-11-27,,
1361,10604,gold,2017-10-23,,
1360,2951,gold,2017-08-15,,
285,1811,gold,2017-09-10,,
1351,2977,gold,2017-08-21,,
1375,1812,gold,2015-06-08,,
269,1718,gold,2017-03-22,,
1344,3753,gold,2017-10-23,,
1339,1388,gold,2017-11-24,,
1371,1246,gold,2015-11-11,,
255,1579,gold,2017-10-01,,
1348,3465,gold,2017-08-18,,
1362,1842,gold,2016-08-14,,
8,60,junior,2017-05-20,,
191,1168,junior,2017-04-02,,
451,2888,junior,2017-04-16,,
614,3938,junior,2017-10-16,,
228,1382,junior,2017-03-15,,
310,1947,junior,2017-12-23,,
751,4941,junior,2017-10-15,,
42,264,junior,2017-07-28,,
147,826,junior,2017-12-13,,
231,1390,junior,2017-09-29,,
631,4061,junior,2017-06-09,,
527,3348,junior,2017-12-14,,
95,519,junior,2017-08-01,,
757,5013,junior,2017-05-22,,
738,4808,junior,2017-07-02,,
156,906,junior,2017-04-07,,
336,2138,junior,2017-10-09,,
323,2065,junior,2017-07-24,,
991,9149,junior,2017-07-01,,
63,378,junior,2017-03-27,,
700,4533,junior,2017-05-22,,
715,4639,junior,2017-12-08,,
677,4382,junior,2017-12-01,,
73,451,junior,2017-07-21,,
957,8506,junior,2017-10-16,,
636,4091,junior,2017-11-09,,
27,167,junior,2017-11-15,,
857,6789,junior,2017-10-25,,
629,4018,junior,2017-09-25,,
657,4246,junior,2017-12-02,,
1070,10490,junior,2017-11-08,,
1194,12781,junior,2017-04-30,,
523,3319,junior,2017-11-23,,
752,4944,junior,2017-09-06,,
198,1211,junior,2017-03-18,,
315,2005,junior,2017-03-24,,
716,4651,junior,2017-06-11,,
319,2038,junior,2017-08-02,,
425,2662,junior,2017-09-04,,
388,2488,junior,2017-11-26,,
357,2277,junior,2017-09-29,,
634,4081,junior,2017-09-22,,
1217,13098,junior,2017-08-09,,
693,4495,junior,2017-11-03,,
602,3846,junior,2017-04-18,,
754,4976,junior,2017-10-10,,
404,2540,junior,2017-11-12,,
328,2121,junior,2017-09-12,,
457,2948,junior,2017-05-16,,
505,3233,junior,2017-10-09,,
933,7959,junior,2017-04-21,,
358,2287,junior,2017-05-23,,
496,3183,junior,2017-07-21,,
571,3627,junior,2017-07-13,,
740,4823,junior,2017-07-28,,
235,1438,classic,2017-05-02,,
1336,4081,classic,2019-07-24,,
1439,5978,classic,2016-09-17,,
1486,3260,classic,2014-11-12,,
295,1864,classic,2017-10-26,,
1327,8506,classic,2019-06-09,,
1444,3414,classic,2016-05-10,,
1581,4543,classic,2015-09-03,,
758,5016,classic,2017-09-21,,
244,1480,classic,2017-03-16,,
549,3504,classic,2017-12-12,,
1572,414,classic,2015-01-14,,
26,161,classic,2017-09-14,,
542,3439,classic,2017-10-22,,
1499,1954,classic,2015-06-20,,
1497,791,classic,2018-11-23,,
1456,1861,classic,2015-11-07,,
1583,1536,classic,2018-05-30,,
1517,2820,classic,2016-08-28,,
370,2374,classic,2017-04-03,,
649,4190,classic,2017-05-29,,
1556,1213,classic,2015-05-17,,
753,4974,classic,2017-12-25,,
1506,326,classic,2015-12-19,,
773,5245,classic,2017-11-18,,
1579,3667,classic,2016-01-09,,
365,2332,classic,2017-06-23,,
151,861,classic,2017-09-16,,
1098,11063,classic,2017-09-01,,
455,2924,classic,2017-11-13,,
447,2845,classic,2017-10-07,,
178,1057,classic,2017-11-21,,
1586,3811,classic,2015-12-19,,
111,615,classic,2017-06-05,,
829,6255,classic,2017-12-22,,
640,4115,classic,2017-07-14,,
1518,7127,classic,2015-07-08,,
245,1483,classic,2017-10-08,,
1470,1800,classic,2014-10-24,,
1576,1220,classic,2015-02-13,,
1515,3448,classic,2016-07-16,,
1573,5911,classic,2013-10-24,,
250,1522,classic,2017-06-30,,
1490,9274,classic,2015-07-09,,
1445,1777,classic,2018-06-07,,
1575,2320,classic,2015-12-21,,
1543,12535,classic,2017-11-07,,
1496,2619,classic,2016-07-02,,
1520,1800,classic,2016-07-17,,
34,225,classic,2017-03-20,,
456,2929,classic,2017-05-16,,
1483,3671,classic,2015-03-25,,
1432,3292,classic,2014-11-09,,
301,1899,classic,2017-07-07,,
1568,4553,classic,2017-05-14,,
1484,7672,classic,2015-10-04,,
1592,1339,classic,2016-09-30,,
551,3517,classic,2017-09-03,,
1481,575,classic,2017-02-10,,
500,3192,classic,2017-11-26,,
1574,5978,classic,2017-07-17,,
1447,12535,classic,2015-10-24,,
17,127,classic,2017-06-07,,
76,464,classic,2017-12-23,,
1561,1914,classic,2016-01-05,,
1509,255,classic,2015-05-30,,
1410,4100,classic,2015-01-05,,
1193,12743,classic,2017-10-01,,
338,2146,classic,2017-04-16,,
1557,2619,classic,2016-05-23,,
755,5002,classic,2017-04-16,,
756,5012,classic,2017-05-18,,
203,1231,classic,2017-09-16,,
80,471,classic,2017-06-25,,
264,1669,classic,2017-10-07,,
1537,2977,classic,2015-01-30,,
1541,7672,classic,2016-02-27,,
554,3535,classic,2017-09-29,,
1480,4380,classic,2016-01-31,,
1491,1826,classic,2016-07-12,,
784,5461,classic,2017-03-24,,
29,192,classic,2017-08-20,,
508,3249,classic,2017-08-03,,
123,679,classic,2017-06-12,,
160,954,classic,2017-06-17,,
1304,4588,classic,2017-04-24,,
1502,2117,classic,2015-03-29,,
1461,1011,classic,2013-06-21,,
1309,3938,classic,2017-12-30,,
1450,5128,classic,2017-01-11,,
1442,1220,classic,2015-09-20,,
176,1049,classic,2017-04-25,,
1489,5911,classic,2014-10-16,,
1414,7683,classic,2018-07-12,,
1507,3601,classic,2014-02-26,,
395,2502,classic,2017-08-24,,
1570,1954,classic,2016-12-21,,
570,3620,classic,2017-11-14,,
196,1197,classic,2017-12-22,,
1577,5521,classic,2017-07-05,,
411,2572,classic,2017-07-15,,
351,2232,classic,2017-11-01,,
1595,1246,classic,2013-09-09,,
129,719,classic,2017-11-05,,
1474,4360,classic,2016-08-04,,
1498,4270,classic,2014-06-28,,
344,2168,classic,2017-07-27,,
1500,4833,classic,2017-01-27,,
1528,1289,classic,2016-12-23,,
1316,3981,classic,2017-06-09,,
1549,1492,classic,2016-02-23,,
510,3256,classic,2017-04-13,,
212,1280,classic,2017-05-24,,
1438,12787,classic,2015-12-11,,
32,219,classic,2017-08-06,,
487,3130,classic,2017-11-18,,
1503,4349,classic,2017-04-17,,
795,5563,classic,2017-08-02,,
20,131,classic,2017-12-02,,
172,1030,classic,2017-12-14,,
16,116,classic,2017-06-23,,
1448,1246,classic,2012-10-13,,
831,6275,classic,2017-06-29,,
217,1316,classic,2017-11-09,,
440,2782,classic,2017-07-07,,
1477,593,classic,2014-09-12,,
1569,2713,classic,2015-01-26,,
394,2501,classic,2017-10-05,,
1468,3036,classic,2015-04-19,,
1530,1826,classic,2016-03-28,,
1472,2478,classic,2014-07-23,,
378,2430,classic,2017-12-11,,
1585,13268,classic,2015-09-17,,
1457,1213,classic,2014-01-18,,
1458,3544,classic,2016-08-14,,
126,707,classic,2017-05-23,,
205,1242,classic,2017-11-16,,
1563,1629,classic,2014-01-07,,
173,1031,classic,2017-06-21,,
291,1836,classic,2017-09-29,,
1409,12502,classic,2014-04-14,,
242,1473,classic,2017-09-24,,
1307,1831,classic,2015-08-20,,
1601,791,classic,2017-10-19,,
1493,597,classic,2015-09-05,,
1425,2125,classic,2017-01-02,,
1430,1812,classic,2015-03-15,,
519,3297,classic,2017-08-16,,
71,441,classic,2017-04-11,,
1311,1390,classic,2019-05-07,,
1415,4553,classic,2015-04-06,,
1455,41,classic,2011-09-27,,
77,466,classic,2017-08-13,,
1553,1812,classic,2012-12-15,,
535,3395,classic,2017-03-22,,
1167,12335,classic,2017-07-18,,
1571,3260,classic,2014-06-04,,
1536,1758,classic,2015-07-11,,
1453,326,classic,2016-06-13,,
116,646,classic,2017-10-11,,
1328,8217,classic,2019-08-09,,
1589,4862,classic,2016-02-07,,
367,2343,classic,2017-08-27,,
630,4019,classic,2017-09-18,,
1312,2277,classic,2020-10-21,,
533,3384,classic,2017-10-09,,
669,4341,classic,2017-06-19,,
1540,3465,classic,2014-05-16,,
965,8636,classic,2017-04-02,,
1469,1758,classic,2016-07-02,,
1529,3136,classic,2014-12-09,,
442,2796,classic,2017-12-26,,
1417,2977,classic,2015-11-19,,
1476,3811,classic,2015-09-26,,
550,3515,classic,2017-08-08,,
603,3850,classic,2017-07-20,,
1519,597,classic,2014-04-23,,
924,7862,classic,2017-12-24,,
179,1059,classic,2017-08-10,,
1001,9247,classic,2017-11-20,,
1504,1339,classic,2015-03-11,,
1329,451,classic,2019-02-10,,
1466,208,classic,2015-03-14,,
1587,5253,classic,2017-01-14,,
558,3568,classic,2017-06-07,,
1535,339,classic,2017-08-28,,
1435,79,classic,2014-05-20,,
684,4457,classic,2017-08-11,,
128,716,classic,2017-08-19,,
385,2476,classic,2017-10-12,,
1512,2388,classic,2017-10-18,,
765,5175,classic,2017-09-29,,
687,4471,classic,2017-07-14,,
573,3638,classic,2017-12-23,,
1524,4832,classic,2015-06-21,,
1505,3544,classic,2017-02-14,,
1332,7959,classic,2018-03-15,,
1326,5873,classic,2017-03-11,,
1584,3958,classic,2015-03-08,,
435,2740,classic,2017-07-15,,
509,3253,classic,2017-07-30,,
1548,208,classic,2016-03-05,,
1154,12070,classic,2017-09-05,,
1591,590,classic,2016-02-16,,
1426,3465,classic,2016-07-30,,
421,2644,classic,2017-04-27,,
717,4654,classic,2017-05-19,,
192,1169,classic,2017-06-08,,
60,370,classic,2017-10-18,,
1319,6789,classic,2019-06-21,,
524,3333,classic,2017-11-02,,
526,3339,classic,2017-09-10,,
1308,584,classic,2015-11-11,,
623,3984,classic,2017-07-25,,
284,1807,classic,2017-05-07,,
918,7796,classic,2017-04-27,,
1580,3414,classic,2016-06-27,,
1464,5521,classic,2014-09-24,,
412,2585,classic,2017-05-09,,
218,1322,classic,2017-05-18,,
1559,5224,classic,2015-06-23,,
1593,3292,classic,2017-01-31,,
581,3721,classic,2017-08-13,,
53,333,classic,2017-10-13,,
1526,593,classic,2012-03-04,,
1588,2715,classic,2016-06-03,,
1324,8342,classic,2015-04-19,,
823,6178,classic,2017-06-05,,
1420,2445,classic,2014-11-17,,
405,2542,classic,2017-08-31,,
1485,4543,classic,2017-04-30,,
1521,562,classic,2016-01-31,,
1473,339,classic,2017-03-28,,
1314,2005,classic,2017-11-13,,
863,6906,classic,2017-06-12,,
193,1179,classic,2017-09-21,,
134,769,classic,2017-09-07,,
683,4437,classic,2017-08-05,,
1155,12088,classic,2017-08-01,,
1533,2951,classic,2015-12-24,,
96,528,classic,2017-08-26,,
485,3124,classic,2017-07-08,,
639,4112,classic,2017-05-23,,
1454,2820,classic,2016-04-22,,
1550,3036,classic,2013-12-26,,
143,816,classic,2017-06-15,,
1150,12020,classic,2017-08-25,,
78,468,classic,2017-08-04,,
1598,548,classic,2014-03-17,,
79,469,classic,2017-09-02,,
1562,2445,classic,2013-12-24,,
1532,1861,classic,2014-11-25,,
1165,12291,classic,2017-11-08,,
239,1453,classic,2017-08-24,,
240,1459,classic,2017-12-23,,
1479,2713,classic,2015-05-20,,
548,3501,classic,2017-07-16,,
1552,41,classic,2014-10-04,,
654,4230,classic,2017-12-21,,
1594,2122,classic,2014-12-23,,
207,1244,classic,2017-05-25,,
645,4166,classic,2017-05-17,,
1534,4100,classic,2015-12-28,,
1471,3958,classic,2015-08-21,,
586,3756,classic,2017-05-31,,
1554,4833,classic,2016-08-13,,
1452,1289,classic,2014-11-03,,
1599,1011,classic,2014-03-04,,
1002,9261,classic,2017-07-09,,
1081,10696,classic,2017-12-25,,
1334,3348,classic,2018-12-19,,
1434,2122,classic,2016-07-01,,
618,3947,classic,2017-07-31,,
744,4863,classic,2017-10-02,,
1463,590,classic,2015-05-20,,
734,4765,classic,2017-05-01,,
439,2779,classic,2017-07-23,,
345,2175,classic,2017-11-07,,
1558,3671,classic,2015-01-05,,
1547,5333,classic,2018-08-13,,
1467,414,classic,2014-12-08,,
1446,3448,classic,2016-03-22,,
148,834,classic,2017-11-22,,
1429,1930,classic,2016-09-30,,
646,4167,classic,2017-06-17,,
61,374,classic,2017-10-18,,
1419,7127,classic,2015-02-22,,
1510,3378,classic,2016-05-20,,
584,3751,classic,2017-10-28,,
317,2015,classic,2017-06-10,,
1331,4651,classic,2017-11-02,,
415,2609,classic,2017-05-25,,
1596,2815,classic,2015-04-19,,
1321,3640,classic,2018-07-10,,
498,3186,classic,2017-04-18,,
626,3992,classic,2017-11-30,,
1590,2431,classic,2013-10-28,,
1412,1668,classic,2016-05-26,,
416,2616,classic,2017-10-01,,
1546,10604,classic,2016-09-06,,
1441,2320,classic,2015-07-20,,
1600,5128,classic,2016-02-08,,
880,7186,classic,2017-09-17,,
424,2659,classic,2017-11-06,,
1527,1930,classic,2017-11-02,,
1516,9,classic,2017-07-02,,
834,6301,classic,2017-08-21,,
1564,2478,classic,2016-08-10,,
855,6764,classic,2017-10-24,,
1315,3689,classic,2016-03-02,,
1424,7286,classic,2016-06-06,,
520,3308,classic,2017-09-25,,
460,2971,classic,2017-10-05,,
158,928,classic,2017-10-25,,
1462,2762,classic,2013-02-06,,
1539,1842,classic,2014-01-17,,
1433,1842,classic,2014-09-12,,
1492,255,classic,2014-03-26,,
1449,9409,classic,2016-06-03,,
1416,548,classic,2015-08-04,,
620,3959,classic,2017-09-17,,
402,2536,classic,2017-09-03,,
1555,4360,classic,2017-09-12,,
820,6039,classic,2017-11-10,,
1522,202,classic,2016-12-31,,
209,1251,classic,2017-07-31,,
361,2312,classic,2017-09-23,,
1436,2388,classic,2016-11-12,,
2,19,classic,2017-03-13,,
1482,13268,classic,2013-08-13,,
1511,4380,classic,2016-11-26,,
1475,3583,classic,2015-02-02,,
605,3874,classic,2017-12-11,,
473,3063,classic,2017-12-22,,
131,725,classic,2017-12-08,,
1513,4349,classic,2015-06-24,,
1488,1492,classic,2017-08-18,,
824,6196,classic,2017-04-29,,
1545,9274,classic,2015-08-15,,
1551,2125,classic,2014-10-12,,
1306,1382,classic,2017-02-19,,
1544,4405,classic,2015-07-19,,
465,2995,classic,2017-05-15,,
1560,9409,classic,2017-02-23,,
1531,1777,classic,2018-01-14,,
1578,575,classic,2016-08-18,,
1422,10604,classic,2017-01-09,,
1437,4405,classic,2015-05-30,,
1451,9,classic,2018-02-09,,
1189,12683,classic,2017-03-17,,
1508,7683,classic,2017-06-07,,
682,4429,classic,2017-10-11,,
1495,4832,classic,2013-11-23,,
749,4929,classic,2017-10-19,,
141,808,classic,2017-09-15,,
333,2128,classic,2017-11-04,,
515,3268,classic,2017-03-23,,
429,2709,classic,2017-11-05,,
644,4165,classic,2017-06-05,,
525,3337,classic,2017-07-27,,
1514,1668,classic,2015-09-11,,
39,254,classic,2017-07-14,,
1423,3601,classic,2014-08-10,,
1418,2815,classic,2015-06-25,,
1566,7286,classic,2016-09-19,,
180,1062,classic,2017-09-29,,
1460,1914,classic,2015-01-20,,
396,2508,classic,2017-07-26,,
352,2235,classic,2017-09-11,,
923,7855,classic,2017-09-24,,
219,1329,classic,2017-12-04,,
257,1589,classic,2017-11-20,,
290,1833,classic,2017-03-24,,
1305,1440,classic,2019-09-13,,
1597,79,classic,2016-02-04,,
1523,4270,classic,2013-01-15,,
685,4467,classic,2017-12-29,,
35,231,classic,2017-10-07,,
604,3858,classic,2017-11-04,,
1322,13231,classic,2014-01-04,,
486,3128,classic,2017-12-25,,
1427,3667,classic,2016-07-10,,
768,5223,classic,2017-07-06,,
1459,5333,classic,2016-12-19,,
746,4901,classic,2017-11-04,,
449,2865,classic,2017-10-28,,
1440,2715,classic,2015-02-07,,
1335,2662,classic,2017-10-29,,
1487,2203,classic,2016-09-06,,
233,1418,classic,2017-07-07,,
409,2562,classic,2017-11-16,,
1325,4328,classic,2016-06-28,,
1428,2951,classic,2016-08-27,,
1465,5224,classic,2018-02-14,,
169,1019,classic,2017-08-10,,
691,4492,classic,2017-12-16,,
1443,562,classic,2016-02-09,,
47,280,classic,2017-08-13,,
260,1616,classic,2017-07-05,,
1525,12787,classic,2015-08-15,,
392,2496,classic,2017-11-22,,
785,5468,classic,2017-06-16,,
36,236,classic,2017-09-28,,
728,4725,classic,2017-12-24,,
479,3085,classic,2017-12-16,,
1582,12502,classic,2013-10-16,,
1542,2117,classic,2016-09-19,,
1567,2203,classic,2015-10-29,,
1411,3378,classic,2015-08-22,,
1538,2762,classic,2013-04-13,,
1494,4789,classic,2014-05-29,,
1421,5253,classic,2016-05-11,,
1478,2431,classic,2013-11-04,,
448,2864,classic,2017-04-29,,
711,4592,classic,2017-08-19,,
1431,3136,classic,2016-06-19,,
1035,9732,classic,2017-10-11,,
1565,4789,classic,2013-05-23,,
469,3026,classic,2017-06-07,,
1413,1536,classic,2016-02-14,,
1320,3813,classic,2016-05-30,,
1501,202,classic,2015-03-03,,
833,6299,junior2,2017-08-01,,
7,56,junior2,2017-06-11,,
1290,2121,junior2,2018-06-15,,
1262,4740,junior2,2017-12-07,,
886,7325,junior2,2017-12-15,,
770,5232,junior2,2017-06-15,,
414,2606,junior2,2017-09-26,,
1275,51,junior2,2015-08-08,,
308,1938,junior2,2017-07-30,,
1270,264,junior2,2018-02-11,,
632,4069,junior2,2017-11-19,,
701,4534,junior2,2017-06-24,,
492,3166,junior2,2017-04-09,,
1297,13098,junior2,2017-05-24,,
1254,1691,junior2,2017-07-10,,
696,4516,junior2,2017-07-05,,
1256,3082,junior2,2015-04-21,,
680,4417,junior2,2017-04-29,,
1281,1819,junior2,2018-02-16,,
23,146,junior2,2017-10-03,,
1285,2650,junior2,2014-07-05,,
1286,1647,junior2,2016-06-12,,
164,992,junior2,2017-11-29,,
4,42,junior2,2017-11-26,,
339,2154,junior2,2017-10-19,,
1252,4061,junior2,2018-06-01,,
66,425,junior2,2017-07-08,,
727,4723,junior2,2017-07-19,,
1260,531,junior2,2015-12-26,,
450,2880,junior2,2017-07-07,,
480,3092,junior2,2017-09-01,,
560,3577,junior2,2017-12-17,,
735,4772,junior2,2017-12-19,,
1298,504,junior2,2017-09-05,,
446,2841,junior2,2017-06-04,,
1277,967,junior2,2016-03-24,,
1248,826,junior2,2017-11-17,,
1299,174,junior2,2017-03-23,,
453,2911,junior2,2017-07-12,,
1282,4533,junior2,2017-11-17,,
142,810,junior2,2017-07-01,,
1261,906,junior2,2016-12-11,,
635,4083,junior2,2017-12-29,,
346,2177,junior2,2017-08-14,,
692,4493,junior2,2017-12-08,,
1296,83,junior2,2016-10-08,,
161,963,junior2,2017-05-25,,
1288,3319,junior2,2020-11-08,,
170,1020,junior2,2017-04-16,,
1216,13097,junior2,2017-05-26,,
1302,9890,junior2,2016-01-19,,
1292,5138,junior2,2014-11-23,,
951,8392,junior2,2017-08-16,,
1255,3257,junior2,2017-04-03,,
1280,2287,junior2,2019-05-12,,
1137,11771,junior2,2017-12-01,,
530,3360,junior2,2017-07-25,,
506,3236,junior2,2017-12-19,,
1267,3636,junior2,2018-07-16,,
1266,9149,junior2,2018-07-15,,
561,3581,junior2,2017-09-28,,
1276,6567,junior2,2018-01-26,,
489,3135,junior2,2017-11-29,,
613,3913,junior2,2017-07-23,,
488,3134,junior2,2017-10-20,,
1250,3763,junior2,2017-04-25,,
322,2063,junior2,2017-12-28,,
1192,12736,junior2,2017-07-02,,
1269,3985,junior2,2017-04-28,,
306,1929,junior2,2017-12-11,,
1268,1168,junior2,2017-10-01,,
750,4937,junior2,2017-10-24,,
1272,2425,junior2,2018-11-21,,
109,605,classic2,2017-04-26,,
52,326,classic2,2017-04-10,2017-06-27,
619,3958,classic2,2017-04-01,2017-05-29,
307,1930,classic2,2017-09-05,2017-12-13,
743,4862,classic2,2017-10-18,2018-02-17,
288,1826,classic2,2017-10-10,2017-12-13,
146,822,classic2,2017-07-23,,
1024,9622,classic2,2017-09-20,,
335,2137,classic2,2017-09-25,,
461,2977,classic2,2017-08-21,2017-11-26,
704,4553,classic2,2017-11-21,2017-12-14,
780,5333,classic2,2017-07-29,2017-10-30,
331,2125,classic2,2017-05-01,2017-07-21,
906,7683,classic2,2017-05-18,2017-08-01,
1102,11183,classic2,2017-04-25,,
444,2815,classic2,2017-04-03,2017-07-30,
101,566,classic2,2017-06-19,,
1195,12787,classic2,2017-09-04,2017-11-14,
221,1339,classic2,2017-08-10,2017-12-01,
74,453,classic2,2017-10-18,,
321,2058,classic2,2017-08-16,,
64,402,classic2,2017-05-10,,
253,1536,classic2,2017-11-14,2018-01-02,
1177,12535,classic2,2017-12-06,2018-03-20,
458,2951,classic2,2017-05-14,2017-07-05,
56,339,classic2,2017-11-22,2018-02-27,
417,2619,classic2,2017-03-30,2017-08-07,
1188,12678,classic2,2017-09-19,,
702,4543,classic2,2017-08-30,2017-11-18,
201,1223,classic2,2017-12-08,,
1007,9333,classic2,2017-09-25,,
46,273,classic2,2017-11-10,,
769,5224,classic2,2017-10-20,2018-01-24,
89,497,classic2,2017-04-22,,
742,4833,classic2,2017-11-10,2018-02-12,
31,208,classic2,2017-10-21,2018-01-17,
1023,9621,classic2,2017-08-30,,
177,1056,classic2,2017-11-19,,
782,5376,classic2,2017-09-29,,
1003,9274,classic2,2017-08-09,2017-11-10,
585,3753,classic2,2017-10-01,,
580,3713,classic2,2017-11-16,,
1169,12354,classic2,2017-11-30,,
230,1388,classic2,2017-10-25,,
362,2320,classic2,2017-06-21,2017-07-28,
263,1668,classic2,2017-04-17,2017-07-12,
567,3611,classic2,2017-07-08,,
819,5978,classic2,2017-12-06,2018-04-04,
466,2998,classic2,2017-11-25,,
138,791,classic2,2017-11-02,2018-02-19,
956,8502,classic2,2017-09-30,,
334,2133,classic2,2017-03-13,,
531,3378,classic2,2017-08-24,2017-11-10,
538,3414,classic2,2017-08-20,2017-11-16,
792,5526,classic2,2017-10-11,,
653,4212,classic2,2017-09-16,,
761,5128,classic2,2017-04-23,2017-07-29,
674,4360,classic2,2017-12-28,2018-04-02,
366,2335,classic2,2017-10-09,,
330,2124,classic2,2017-04-11,,
406,2548,classic2,2017-08-16,,
445,2820,classic2,2017-11-19,2018-02-14,
1175,12494,classic2,2017-11-24,,
1076,10604,classic2,2017-07-27,2017-09-23,
627,3994,classic2,2017-07-05,,
544,3448,classic2,2017-09-10,2017-12-01,
332,2126,classic2,2017-06-19,,
371,2388,classic2,2017-12-13,2018-04-06,
775,5253,classic2,2017-04-11,2017-07-14,
277,1777,classic2,2017-07-12,2017-10-11,
299,1886,classic2,2017-10-25,,
386,2478,classic2,2017-08-14,2017-11-15,
1,9,classic2,2017-10-16,2017-12-22,
676,4380,classic2,2017-09-30,2017-12-15,
102,575,classic2,2017-11-12,2018-02-15,
452,2910,classic2,2017-12-19,,
